Scenario,label,uri,eia_id,name,utility,sector,description,comments,voltage_category,size flat demand tier (kW),max flat demand tier (kW),min flat demand tier (kW),size TOU demand tier (kW),max TOU demand tier (kW),min TOU demand tier (kW),size energy rate tier (kW),max energy rate tier (kW),min energy rate tier (kW),max energy usage (kWh),min energy usage (kWh),max peak capacity (kW),min peak capacity (kW),approved,start date,end date,supercedes,parent source,min monthly charge ($),annual minimum charge ($),minimum voltage,maximum voltage,phase wiring,demand window (min),demand attributes,additional energy comments,revisions
1,539fc899ec4f024d2f53e888,https://openei.org/apps/USURDB/rate/view/539fc899ec4f024d2f53e888,5416,"General Service,"" Building Construction Service (BC)","Duke Energy Carolinas,"" LLC (South Carolina)",Commercial,"Available only as temporary service to builders for use in the construction of buildings or other establishments which will receive,"" upon completion,"" permanent electric service from the Company's lines.",No comments,No voltage category given,12,1000000000.0,1000000000.0,1,0.0,0.0,2,1000000000.0,50.0,1e+99,0,1e+99,0,True,12/31/2013,No end date given,No supercedes item given,http://www.duke-energy.com/rates/south-carolina.asp,No minimum monthly charge given,No annual minimum charge given,No voltage minimum given,No voltage maximum given,No phase wiring information given,No demand window given,No additional demand attributes given,Subject to energy efficiency and merger mitigation adjustments. Energy efficiency is .001951 + .000883 + merger is -.000165 = .002669,"['05/19/2014 07:55:58', '05/19/2014 08:01:57', '03/26/2015 15:26:44', '05/29/2015 06:45:27']"
2,58efa7405457a3013708f4b5,https://openei.org/apps/USURDB/rate/view/58efa7405457a3013708f4b5,5416,Residential - RS (SC),"Duke Energy Carolinas,"" LLC (South Carolina)",Residential,"Applicable to electric service other than three phase service,"" for all domestic purposes in private residences,"" single occupancy apartments and separately metered common use areas of multi*occupancy buildings in the entire territory of the Company where distribution lines are adjacent to the premises to be served.  Residences where not more than two rooms are used for rental purposes will also be included. Where all dwelling units in a multi*occupancy building are served through one meter and the common use area is metered separately,"" the kilowatt*hour rate will be applied on a ""per residence"" or ""per apartment"" basis,"" however,"" the customer charge will be based on the number of installed meters.  Where a portion of a residential service is used for purposes of a commercial or public character,"" Rate DS,"" Service At Distribution Voltage,"" is applicable to all service. However,"" if the wiring is so arranged that the service for residential purposes can be metered separately,"" this Rate will be applied to the residential service,"" if the service qualifies hereunder.",No comments,No voltage category given,12,1000000000.0,1000000000.0,1,0.0,0.0,2,1000000000.0,1000.0,1e+99,0,1e+99,0,True,12/31/2016,No end date given,No supercedes item given,https://www.duke-energy.com/home/billing/rates,No minimum monthly charge given,No annual minimum charge given,No voltage minimum given,No voltage maximum given,Single and 3-Phase,No demand window given,No additional demand attributes given,Adjustments = Energy Efficiency RIder,"['04/13/2017 04:28:48', '04/13/2017 06:01:03', '04/13/2017 06:09:06', '04/13/2017 06:10:48', '04/21/2017 07:36:31']"
3,58f677165457a3db49156660,https://openei.org/apps/USURDB/rate/view/58f677165457a3db49156660,5416,Residential Service Energy Star Standard ES,"Duke Energy Carolinas,"" LLC (South Carolina)",Residential,"Available only to residential customers in residences,"" condominiums,"" mobile homes,"" or individually*metered apartments which provide independent and permanent facilities complete for living,"" sleeping,"" eating,"" cooking,"" and sanitation,""and which are certified to meet the standards of the Energy Star program of the United States Department of Energy and Environmental Protection Agency.",No comments,No voltage category given,12,1000000000.0,1000000000.0,1,0.0,0.0,2,1000000000.0,1000.0,1e+99,0,1e+99,0,True,12/31/2016,No end date given,No supercedes item given,http://www.duke-energy.com/rates/south-carolina.asp,No minimum monthly charge given,No annual minimum charge given,No voltage minimum given,No voltage maximum given,Single and 3-Phase,No demand window given,No additional demand attributes given,Adjustment = Energy Efficiency Rider.  Fixed Monthly Charge = Basic Facilities Charge + Fixed Monthly Leaf 50C Charge.,"['04/18/2017 08:29:10', '04/21/2017 07:44:42', '04/21/2017 07:44:56']"
4,58fa615f5457a32d3e156660,https://openei.org/apps/USURDB/rate/view/58fa615f5457a32d3e156660,5416,Residential Service Energy Star All-Electric ES(SC),"Duke Energy Carolinas,"" LLC (South Carolina)",Residential,"Available only to residential customers in residences,"" condominiums,"" mobile homes,"" or individually*metered apartments which provide independent and permanent facilities complete for living,"" sleeping,"" eating,"" cooking,"" and sanitation,"" and which are certified to meet the standards of the Energy Star program of the  United States Department of Energy and Environmental Protection Agency.  To qualify for service under this Schedule,"" compliance with the Energy Star standards must be verified by a third party independent Home Energy Rating System (HERS) rater working for an approved HERS provider.  The All*Electric rate is applicable to residences where the Energy Star standards are met and all energy  required for all water heating,"" cooking,"" clothes drying,"" and environmental space conditioning is  supplied electrically,"" expect that which may be supplied by supplemental non*fossil sources such as solar.",No comments,No voltage category given,12,1000000000.0,1000000000.0,1,0.0,0.0,2,1000000000.0,1000.0,1e+99,0,1e+99,0,True,12/31/2016,No end date given,No supercedes item given,http://www.duke-energy.com/rates/south-carolina.asp,No minimum monthly charge given,No annual minimum charge given,No voltage minimum given,No voltage maximum given,Single and 3-Phase,No demand window given,No additional demand attributes given,Adjustment = Energy Efficiency Rider.  Fixed Monthly Charge = Basic Facilities Charge + Fixed Monthly Leaf 50C Charge.,"['04/21/2017 07:45:35', '04/21/2017 07:47:29']"
5,58fa620e5457a3cb36156660,https://openei.org/apps/USURDB/rate/view/58fa620e5457a3cb36156660,5416,Residential Electric Water Heating and Space Conditioning - RE,"Duke Energy Carolinas,"" LLC (South Carolina)",Residential,"Available only to residential customers in residences,"" condominiums,"" mobile homes,"" or individually*metered apartments which provide independent and permanent facilities complete for living,"" sleeping,"" eating,"" cooking,"" and sanitation. In addition,"" all energy required for all water heating,"" cooking,"" clothes drying,"" and environmental space conditioning must be supplied electrically,"" and all electric energy used  in such dwelling must be recorded through a single meter.",No comments,No voltage category given,12,1000000000.0,1000000000.0,1,0.0,0.0,2,1000000000.0,1000.0,1e+99,0,1e+99,0,True,12/31/2016,No end date given,No supercedes item given,https://www.duke-energy.com/home/billing/rates,No minimum monthly charge given,No annual minimum charge given,No voltage minimum given,No voltage maximum given,Single and 3-Phase,No demand window given,No additional demand attributes given,Adjustment = Energy Efficiency Rider.  Fixed Monthly Charge = Basic Facilities Charge + Fixed Monthly Leaf 50C Charge.,"['04/21/2017 07:48:30', '04/21/2017 07:50:37']"
6,58fa62ed5457a39f40156660,https://openei.org/apps/USURDB/rate/view/58fa62ed5457a39f40156660,5416,Residential Time-of-Use RT,"Duke Energy Carolinas,"" LLC (South Carolina)",Residential,"Available on a voluntary basis to individually*metered residential customers in residences,"" condominiums,"" mobile homes,"" or apartments which provide independent and permanent facilities for living,"" sleeping,"" eating,"" cooking,"" and sanitation.  Summer Months are June through September.  Peak hours during summer months are 1 P.M. * 7 P.M. M*F. All other hours,"" Saturdays,"" Sundays,"" and Holidays are considered Off*Peak  Winter Months are October through May.  Peak hours during winter months are 7 A.M. * 12 Noon. M*F. All other hours,"" Saturdays,"" Sundays,"" and Holidays are considered Off*Peak.",No comments,No voltage category given,12,1000000000.0,1000000000.0,3,1000000000.0,1000000000.0,2,1000000000.0,1000000000.0,1e+99,0,1e+99,0,True,12/31/2016,No end date given,No supercedes item given,https://www.duke-energy.com/home/billing/rates,No minimum monthly charge given,No annual minimum charge given,No voltage minimum given,No voltage maximum given,Single and 3-Phase,No demand window given,No additional demand attributes given,Adjustment = Energy Efficiency Rider.  Fixed Monthly Charge = Basic Facilities Charge + Fixed Monthly Leaf 50C Charge.,"['04/21/2017 07:52:13', '04/21/2017 07:57:12']"
7,58fa647a5457a38f40156660,https://openei.org/apps/USURDB/rate/view/58fa647a5457a38f40156660,5416,Residential Water Heating Service Controlled/Submetered WC,"Duke Energy Carolinas,"" LLC (South Carolina)",Residential,"Available only for domestic water heating purposes to individually metered residential customers receiving concurrent service on Schedule RS,"" RE,"" RB or ES.",No comments,No voltage category given,12,1000000000.0,1000000000.0,1,0.0,0.0,1,1000000000.0,1000000000.0,1e+99,0,1e+99,0,True,12/31/2016,No end date given,No supercedes item given,https://www.duke-energy.com/home/billing/rates,No minimum monthly charge given,No annual minimum charge given,No voltage minimum given,No voltage maximum given,No phase wiring information given,No demand window given,No additional demand attributes given,Adjustment = Energy Efficiency Rider.  Fixed Monthly Charge = Basic Facilities Charge + Fixed Monthly Leaf 50C Charge.,"['04/21/2017 07:58:50', '04/21/2017 08:01:02']"
8,58fa653c5457a3cb36156661,https://openei.org/apps/USURDB/rate/view/58fa653c5457a3cb36156661,5416,Residential Service RB; Closed Rate,"Duke Energy Carolinas,"" LLC (South Carolina)",Residential,"Available only to individually*metered residential customers in residences,"" condominiums,"" mobile homes,"" or apartments which meet the thermal conditioning and other requirements below,"" irrespective of the source of energy for environmental space conditioning.  This Schedule is closed and not available for service to customers at locations where the Customer was not served by the Company prior to November 18,"" 1991.",No comments,No voltage category given,12,1000000000.0,1000000000.0,1,0.0,0.0,2,1000000000.0,1000.0,1e+99,0,1e+99,0,True,12/31/2016,No end date given,No supercedes item given,https://www.duke-energy.com/home/billing/rates,No minimum monthly charge given,No annual minimum charge given,No voltage minimum given,No voltage maximum given,Single and 3-Phase,No demand window given,No additional demand attributes given,Adjustment = Energy Efficiency Rider.  Fixed Monthly Charge = Basic Facilities Charge + Fixed Monthly Leaf 50C Charge.,"['04/21/2017 08:02:04', '04/21/2017 08:04:45']"
9,58fa66725457a32d3e156661,https://openei.org/apps/USURDB/rate/view/58fa66725457a32d3e156661,5416,SGS (Small General Service); Nested tier rate not able to be modeled correctly,"Duke Energy Carolinas,"" LLC (South Carolina)",Commercial,"Available to the individual customer with a kilowatt demand of 75 kW or less. If the customer's measured demand exceeds 75 kW during any month,"" the customer will be served under Schedule LGS.",No comments,No voltage category given,12,1000000000.0,30.0,1,0.0,0.0,10,1000000000.0,125.0,1e+99,0,75,0,True,12/31/2016,No end date given,No supercedes item given,https://www.duke-energy.com/home/billing/rates,No minimum monthly charge given,No annual minimum charge given,No voltage minimum given,No voltage maximum given,Single and 3-Phase,No demand window given,No additional demand attributes given,Adjustment = Energy Efficiency Rider.  Fixed Monthly Charge = Basic Facilities Charge + Fixed Monthly Leaf 50C Charge.,"['04/21/2017 08:07:14', '04/21/2017 08:11:12', '11/14/2017 01:45:14']"
10,58fa67b35457a3fa41156660,https://openei.org/apps/USURDB/rate/view/58fa67b35457a3fa41156660,5416,LGS (Large General Service),"Duke Energy Carolinas,"" LLC (South Carolina)",Commercial,"Available to the individual customer with a kilowatt demand of more than 75 kW. If the customer's measured demand is 75 kW or less for twelve consecutive months,"" the customer will be served under Schedule SGS.",Applicable to 75kW-Infinity,No voltage category given,12,1000000000.0,30.0,1,0.0,0.0,10,1000000000.0,125.0,1e+99,0,1e+99,75,True,12/31/2016,No end date given,No supercedes item given,https://www.duke-energy.com/home/billing/rates,No minimum monthly charge given,No annual minimum charge given,No voltage minimum given,No voltage maximum given,Single and 3-Phase,No demand window given,No additional demand attributes given,Adjustment = Energy Efficiency Rider.  Fixed Monthly Charge = Basic Facilities Charge + Fixed Monthly Leaf 50C Charge.,"['04/21/2017 08:12:35', '04/21/2017 08:16:36', '04/21/2017 08:26:31', '11/14/2017 01:43:21']"
11,58fa69345457a3fa41156661,https://openei.org/apps/USURDB/rate/view/58fa69345457a3fa41156661,5416,Schedule I Industrial Service(SC),"Duke Energy Carolinas,"" LLC (South Carolina)",Industrial,"Available only to establishments classified as 'Manufacturing Industries' by the Standard Industrial Classification Manual published  by the United States Government,"" and where more than 50% of the electric energy consumption of such establishment is used for its  manufacturing processes.  Service under this Schedule shall be used solely by the contracting Customer in a single enterprise,"" located entirely on a single,""  contiguous premise.  This Schedule is not available for auxiliary or breakdown service. Power delivered under this schedule shall not be used for resale  or exchange or in parallel with other electric power,"" or as a substitute for power contracted for or which may be contracted for,"" under  any other schedule of the Company,"" or for service in conjunction with Rider NM,"" except at the option of the Company,"" under special  terms and conditions expressed in writing in the contract with the Customer",No comments,No voltage category given,12,1000000000.0,30.0,1,0.0,0.0,11,1000000000.0,125.0,1e+99,0,1e+99,0,True,12/31/2016,No end date given,No supercedes item given,https://www.duke-energy.com/home/billing/rates,No minimum monthly charge given,No annual minimum charge given,No voltage minimum given,No voltage maximum given,Single and 3-Phase,No demand window given,No additional demand attributes given,Adjustment = Energy Efficiency Rider.  Fixed Monthly Charge = Basic Facilities Charge + Fixed Monthly Leaf 50C Charge.,"['04/21/2017 08:19:00', '04/21/2017 08:25:50']"
12,58fa6c2a5457a3c346156660,https://openei.org/apps/USURDB/rate/view/58fa6c2a5457a3c346156660,5416,"Optional Power Service,"" Time-of-Use,"" General Service (OPT)","Duke Energy Carolinas,"" LLC (South Carolina)",Commercial,"Available to the individual customer.  Service under this Schedule shall be used solely by the contracting Customer in a single enterprise,"" located entirely on a single,"" contiguous premise. This Schedule is not available to the individual customer who qualifies for a residential schedule,"" nor for auxiliary or breakdown service.   Summer (June 1 * September 30) peak hours are Monday * Friday 1:00 P.M. * 9:00 P.M.  Winter (October 1 * May 31) peak hours are Monday * Friday 6:00 A.M. * 1:00 P.M.",No comments,No voltage category given,12,1000000000.0,1000000000.0,3,1000000000.0,2000.0,2,1000000000.0,1000000000.0,1e+99,0,1e+99,0,True,12/31/2016,No end date given,No supercedes item given,https://www.duke-energy.com/home/billing/rates,No minimum monthly charge given,No annual minimum charge given,No voltage minimum given,No voltage maximum given,Single and 3-Phase,No demand window given,No additional demand attributes given,Adjustment = Energy Efficiency Rider. Fixed Monthly Charge = Basic Facilities Charge + Fixed Monthly Leaf 50C Charge.,"['04/21/2017 08:31:38', '04/21/2017 08:35:42']"
13,58fa6d4f5457a3b045156660,https://openei.org/apps/USURDB/rate/view/58fa6d4f5457a3b045156660,5416,"Optional Power Service,"" Time-of-Use,"" Industrial Service (OPT)","Duke Energy Carolinas,"" LLC (South Carolina)",Industrial,"Available to the individual customer.    Service under this Schedule shall be used solely by the contracting Customer in a single enterprise,"" located entirely on a single,"" contiguous premise. This Schedule is not available to the individual customer who qualifies for a residential schedule,"" nor for auxiliary or breakdown service. Summer (June 1 * September 30) peak hours are Monday * Friday 1:00 P.M. * 9:00 P.M. Winter (October 1 * May 31) peak hours are Monday * Friday 6:00 A.M. * 1:00 P.M.",No comments,No voltage category given,12,1000000000.0,1000000000.0,3,1000000000.0,2000.0,2,1000000000.0,1000000000.0,1e+99,0,1e+99,0,True,12/31/2016,No end date given,No supercedes item given,https://www.duke-energy.com/home/billing/rates,No minimum monthly charge given,No annual minimum charge given,No voltage minimum given,No voltage maximum given,Single and 3-Phase,No demand window given,No additional demand attributes given,Adjustment = Energy Efficiency Rider. Fixed Monthly Charge = Basic Facilities Charge + Fixed Monthly Leaf 50C Charge.,"['04/21/2017 08:36:31', '04/21/2017 08:41:53']"
14,58fa6ed35457a32d3e156662,https://openei.org/apps/USURDB/rate/view/58fa6ed35457a32d3e156662,5416,"Parallel Generation,"" General Service,"" Transmission Connection (PG)","Duke Energy Carolinas,"" LLC (South Carolina)",Commercial,"Available only to non*residential establishments which have generating facilities not in excess of eighty (80) megawatts which are interconnected with the Company's system. Service under this Schedule shall be used solely by the individual contracting Customer in a single enterprise,"" located entirely on a single,"" contiguous premise. The Customer's interconnected power generating facilities may be operated in parallel with the Company's system. Power delivered under this schedule shall not be used for resale or as a substitute for power contracted for or which may be contracted for,"" under any other schedule of the Power Company,"" except at the option of the Company,"" under special terms and conditions expressed in writing in the contract with the Customer. The obligations of the Company in regard to supplying power are dependent upon its securing and retaining all necessary rights*of*way,"" privileges,"" franchises and permits,"" for the delivery of such power. The Company shall not be liable to any customer or applicant for power in the event it is delayed in or is prevented from,"" furnishing the power by its failure to secure and retain such rights*of*way,"" rights,"" privileges,"" franchises and permits.    On Peak Hours: 7 A.M. * 11 P.M. Monday * Friday  On Peak Months: January * March,"" June * September,"" December.",No comments,No voltage category given,12,1000000000.0,1000000000.0,2,1000000000.0,1000000000.0,2,1000000000.0,1000000000.0,1e+99,0,80000,0,True,12/31/2016,No end date given,No supercedes item given,https://www.duke-energy.com/home/billing/rates,No minimum monthly charge given,No annual minimum charge given,No voltage minimum given,No voltage maximum given,Single and 3-Phase,No demand window given,No additional demand attributes given,Adjustment = Energy Efficiency Rider.  Fixed Monthly Charge = Basic Facilities Charge + Fixed Monthly Leaf 50C Charge.,"['04/21/2017 08:42:59', '04/21/2017 08:47:52']"
15,58fa701b5457a33f48156660,https://openei.org/apps/USURDB/rate/view/58fa701b5457a33f48156660,5416,"Parallel Generation,"" General Service,"" Distribution Connection (PG)","Duke Energy Carolinas,"" LLC (South Carolina)",Commercial,"Available only to non*residential establishments which have generating facilities not in excess of eighty (80) megawatts which are interconnected with the Company's system. Service under this Schedule shall be used solely by the individual contracting Customer in a single enterprise,"" located entirely on a single,"" contiguous premise. The Customer's interconnected power generating facilities may be operated in parallel with the Company's system. Power delivered under this schedule shall not be used for resale or as a substitute for power contracted for or which may be contracted for,"" under any other schedule of the Power Company,"" except at the option of the Company,"" under special terms and conditions expressed in writing in the contract with the Customer. The obligations of the Company in regard to supplying power are dependent upon its securing and retaining all necessary rights*of*way,"" privileges,"" franchises and permits,"" for the delivery of such power. The Company shall not be liable to any customer or applicant for power in the event it is delayed in or is prevented from,"" furnishing the power by its failure to secure and retain such rights*of*way,"" rights,"" privileges,"" franchises and permits.    On Peak Hours: 7 A.M. * 11 P.M. Monday * Friday  On Peak Months: January * March,"" June * September,"" December.",No comments,No voltage category given,12,1000000000.0,1000000000.0,2,1000000000.0,1000000000.0,2,1000000000.0,1000000000.0,1e+99,0,1e+99,0,True,12/31/2016,No end date given,No supercedes item given,https://www.duke-energy.com/home/billing/rates,No minimum monthly charge given,No annual minimum charge given,No voltage minimum given,No voltage maximum given,Single and 3-Phase,No demand window given,No additional demand attributes given,Adjustment = Energy Efficiency Rider. Fixed Monthly Charge = Basic Facilities Charge + Fixed Monthly Leaf 50C Charge.,"['04/21/2017 08:48:27', '04/21/2017 08:50:43']"
16,58fa70c15457a35245156660,https://openei.org/apps/USURDB/rate/view/58fa70c15457a35245156660,5416,"Parallel Generation,"" Industrial Service,"" Transmission Connection (PG)","Duke Energy Carolinas,"" LLC (South Carolina)",Industrial,"Available only to non*residential establishments which have generating facilities not in excess of eighty (80) megawatts which are interconnected with the Company's system. Service under this Schedule shall be used solely by the individual contracting Customer in a single enterprise,"" located entirely on a single,"" contiguous premise. The Customer's interconnected power generating facilities may be operated in parallel with the Company's system. Power delivered under this schedule shall not be used for resale or as a substitute for power contracted for or which may be contracted for,"" under any other schedule of the Power Company,"" except at the option of the Company,"" under special terms and conditions expressed in writing in the contract with the Customer. The obligations of the Company in regard to supplying power are dependent upon its securing and retaining all necessary rights*of*way,"" privileges,"" franchises and permits,"" for the delivery of such power. The Company shall not be liable to any customer or applicant for power in the event it is delayed in or is prevented from,"" furnishing the power by its failure to secure and retain such rights*of*way,"" rights,"" privileges,"" franchises and permits.    On Peak Hours: 7 A.M. * 11 P.M. Monday * Friday  On Peak Months: January * March,"" June * September,"" December.",No comments,No voltage category given,12,1000000000.0,1000000000.0,2,1000000000.0,1000000000.0,2,1000000000.0,1000000000.0,1e+99,0,1e+99,0,True,12/31/2016,No end date given,No supercedes item given,https://www.duke-energy.com/home/billing/rates,No minimum monthly charge given,No annual minimum charge given,No voltage minimum given,No voltage maximum given,No phase wiring information given,No demand window given,No additional demand attributes given,Adjustment = Energy Efficiency Rider. Fixed Monthly Charge = Basic Facilities Charge + Fixed Monthly Leaf 50C Charge.,"['04/21/2017 08:51:13', '04/21/2017 08:53:38']"
17,58fa71745457a35245156661,https://openei.org/apps/USURDB/rate/view/58fa71745457a35245156661,5416,"Parallel Generation,"" Industrial Service,"" Distribution Connection (PG)","Duke Energy Carolinas,"" LLC (South Carolina)",Industrial,"Available only to non*residential establishments which have generating facilities not in excess of eighty (80) megawatts which are interconnected with the Company's system. Service under this Schedule shall be used solely by the individual contracting Customer in a single enterprise,"" located entirely on a single,"" contiguous premise. The Customer's interconnected power generating facilities may be operated in parallel with the Company's system. Power delivered under this schedule shall not be used for resale or as a substitute for power contracted for or which may be contracted for,"" under any other schedule of the Power Company,"" except at the option of the Company,"" under special terms and conditions expressed in writing in the contract with the Customer. The obligations of the Company in regard to supplying power are dependent upon its securing and retaining all necessary rights*of*way,"" privileges,"" franchises and permits,"" for the delivery of such power. The Company shall not be liable to any customer or applicant for power in the event it is delayed in or is prevented from,"" furnishing the power by its failure to secure and retain such rights*of*way,"" rights,"" privileges,"" franchises and permits.    On Peak Hours: 7 A.M. * 11 P.M. Monday * Friday  On Peak Months: January * March,"" June * September,"" December.",No comments,No voltage category given,12,1000000000.0,1000000000.0,2,1000000000.0,1000000000.0,2,1000000000.0,1000000000.0,1e+99,0,1e+99,0,True,12/31/2016,No end date given,No supercedes item given,https://www.duke-energy.com/home/billing/rates,No minimum monthly charge given,No annual minimum charge given,No voltage minimum given,No voltage maximum given,Single and 3-Phase,No demand window given,No additional demand attributes given,Adjustment = Energy Efficiency Rider. Fixed Monthly Charge = Basic Facilities Charge + Fixed Monthly Leaf 50C Charge.,"['04/21/2017 08:54:12', '04/21/2017 08:56:00']"
18,5a32f1fd5457a35d4b5c48a5,https://openei.org/apps/USURDB/rate/view/5a32f1fd5457a35d4b5c48a5,14328,E-TOU Option B - Residential Time of Use Service (All Baseline Regions),Pacific Gas & Electric Co,Residential,No description,No comments,No voltage category given,12,1000000000.0,1000000000.0,1,0.0,0.0,4,1000000000.0,1000000000.0,1e+99,0,1e+99,0,True,10/23/2017,No end date given,No supercedes item given,http://www.pge.com/tariffs/ERS.SHTML#ERS,10,No annual minimum charge given,No voltage minimum given,No voltage maximum given,No phase wiring information given,No demand window given,No additional demand attributes given,No additional energy comments given,"['12/14/2017 07:49:49', '12/14/2017 07:50:57']"
19,5a32fe535457a380445c48a3,https://openei.org/apps/USURDB/rate/view/5a32fe535457a380445c48a3,14328,A-1-Small General Service-Non-Time of Use Rate (Single-Phase),Pacific Gas & Electric Co,Commercial,"This schedule is also not available to customers whose meter indicates a maximum demand of 75 kW or greater for three consecutive months.Fixed Monthly Charge is the Total Customer Charge per day,"" averaged out for a month. ($0.32854 per meter per day * 365 days/ 12 months).","Note: This is not the TOU rate option,"" so there is a PDP (Peak Day Pricing) of 60 cents/kWh during the PDP events (9 to 15 days out of the year).",No voltage category given,12,1000000000.0,1000000000.0,1,0.0,0.0,2,1000000000.0,1000000000.0,150000,0,75,0,True,10/23/2017,No end date given,No supercedes item given,http://www.pge.com/tariffs/ERS.SHTML#ERS,No minimum monthly charge given,No annual minimum charge given,No voltage minimum given,No voltage maximum given,Single Phase,No demand window given,No additional demand attributes given,No additional energy comments given,"['12/14/2017 08:42:27', '12/14/2017 08:43:30']"
20,5a32ff305457a35d4b5c48a7,https://openei.org/apps/USURDB/rate/view/5a32ff305457a35d4b5c48a7,14328,A-1 Small General Service TOU  (Single-Phase),Pacific Gas & Electric Co,Commercial,This schedule is also not available to customers whose meter indicates a maximum demand of 75 kW or greater for three consecutive months.,"Fixed Monthly Charge is the Total Customer Charge per day,"" averaged out for a month. ($0.32854 per meter per day * 365 days/ 12 months).",No voltage category given,12,1000000000.0,1000000000.0,1,0.0,0.0,5,1000000000.0,1000000000.0,1e+99,0,75,0,True,10/23/2017,No end date given,No supercedes item given,No parent source given,No minimum monthly charge given,No annual minimum charge given,No voltage minimum given,No voltage maximum given,Single Phase,No demand window given,No additional demand attributes given,No additional energy comments given,"['12/14/2017 08:46:08', '12/14/2017 08:47:18']"
21,5a33088e5457a305325c48a1,https://openei.org/apps/USURDB/rate/view/5a33088e5457a305325c48a1,14328,A-6 Small General Service TOU Single Phase,Pacific Gas & Electric Co,Commercial,"Fixed Monthly Charge is the Total Customer Charge per day,"" averaged out for a month. ($0.32854 per meter per day * 365 days/ 12 months).",No comments,No voltage category given,12,1000000000.0,1000000000.0,1,0.0,0.0,5,1000000000.0,1000000000.0,1e+99,0,75,0,True,10/23/2017,No end date given,No supercedes item given,http://www.pge.com/tariffs/ERS.SHTML#ERS,No minimum monthly charge given,No annual minimum charge given,No voltage minimum given,No voltage maximum given,Single Phase,No demand window given,No additional demand attributes given,No additional energy comments given,"['12/14/2017 09:26:06', '12/14/2017 09:27:44']"
22,5a3309655457a3b1315c48a1,https://openei.org/apps/USURDB/rate/view/5a3309655457a3b1315c48a1,14328,A-6 Small General Service TOU Meter Charge (A-6),Pacific Gas & Electric Co,Commercial,"Applies to customers who were on A*6 as of May 1,"" 2006.    Fixed Monthly Charge is the Total Customer Charge per day,"" averaged out for a month. ($0.20107 per meter per day * 365 days/ 12 months).",No comments,No voltage category given,12,1000000000.0,1000000000.0,1,0.0,0.0,5,1000000000.0,1000000000.0,1e+99,0,75,0,True,10/23/2017,No end date given,No supercedes item given,http://www.pge.com/tariffs/ERS.SHTML#ERS,No minimum monthly charge given,No annual minimum charge given,No voltage minimum given,No voltage maximum given,No phase wiring information given,No demand window given,No additional demand attributes given,No additional energy comments given,"['12/14/2017 09:29:41', '12/14/2017 09:30:45']"
23,5a3309c45457a3eb305c48a1,https://openei.org/apps/USURDB/rate/view/5a3309c45457a3eb305c48a1,14328,A-6 Small General Service TOU Meter Charge (W),Pacific Gas & Electric Co,Commercial,"Applies to customers who were on Rate W as of May 1,"" 2006.","Fixed Monthly Charge is the Total Customer Charge per day,"" averaged out for a month. ($0.05914 per meter per day * 365 days/ 12 months).",No voltage category given,12,1000000000.0,1000000000.0,1,0.0,0.0,5,1000000000.0,1000000000.0,1e+99,0,75,0,True,10/23/2017,No end date given,No supercedes item given,http://www.pge.com/tariffs/ERS.SHTML#ERS,No minimum monthly charge given,No annual minimum charge given,No voltage minimum given,No voltage maximum given,No phase wiring information given,No demand window given,No additional demand attributes given,No additional energy comments given,"['12/14/2017 09:31:16', '12/14/2017 09:32:24']"
24,5a330a215457a35d4b5c48a8,https://openei.org/apps/USURDB/rate/view/5a330a215457a35d4b5c48a8,14328,A-6 Small General Service TOU Meter Charge (X),Pacific Gas & Electric Co,Commercial,"Applies to customers who were on Rate X as of May 1,"" 2006 or who enroll  on A*6 on or after May 1,"" 2006    Fixed Monthly Charge is the Total Customer Charge per day,"" averaged out for a month. ($0.20107 per meter per day * 365 days/ 12 months).",No comments,No voltage category given,12,1000000000.0,1000000000.0,1,0.0,0.0,5,1000000000.0,1000000000.0,1e+99,0,75,0,True,10/23/2017,No end date given,No supercedes item given,http://www.pge.com/tariffs/ERS.SHTML#ERS,No minimum monthly charge given,No annual minimum charge given,No voltage minimum given,No voltage maximum given,No phase wiring information given,No demand window given,No additional demand attributes given,No additional energy comments given,"['12/14/2017 09:32:49', '12/14/2017 09:33:38']"
25,5a34091d5457a3ce515c48a1,https://openei.org/apps/USURDB/rate/view/5a34091d5457a3ce515c48a1,14328,A-10 Medium General Demand Service (Secondary Voltage),Pacific Gas & Electric Co,Commercial,"Schedule A*10 is a demand metered rate schedule for general service customers.  Schedule  A*10 applies to single*phase and polyphase alternating*current service (for a description of these terms,"" see Section D of Rule 2*).   If the customer's demand exceeds 499 kW for three consecutive months,"" the customer's account will be transferred to Schedule E*19 or E*20.",Fixed Monthly Charge is the Meter Charge Rate per meter per day averaged out for a month. There is also an optional meter data access charge of $0.98563 per meter per day.,No voltage category given,12,1000000000.0,1000000000.0,1,0.0,0.0,2,1000000000.0,1000000000.0,1e+99,0,500,0,True,10/23/2017,No end date given,No supercedes item given,http://www.pge.com/tariffs/ERS.SHTML#ERS,No minimum monthly charge given,No annual minimum charge given,No voltage minimum given,No voltage maximum given,No phase wiring information given,No demand window given,No additional demand attributes given,No additional energy comments given,"['12/15/2017 03:40:45', '12/15/2017 03:42:16']"
26,5a340c8f5457a316275c48a2,https://openei.org/apps/USURDB/rate/view/5a340c8f5457a316275c48a2,14328,E-19 Medium General Demand TOU (Secondary),Pacific Gas & Electric Co,Commercial,Ongoing daily Time*of*Use (TOU) meter charges applicable to customers taking   voluntary TOU service under this rate schedule will no longer be applied if the customer   has a SmartMeter™ installed.    Peak Day Pricing Rates are applicable to customers taking this rate. A maximum of fifteen (15) PDP events and a minimum of nine (9) PDP events may be called in any calendar year.,The fixed monthly charge include the customer charge mandatory ($19.71253*365/12). Customer charge voluntary -with smartmeter ($4.59959 *365/12),No voltage category given,12,1000000000.0,1000000000.0,4,1000000000.0,1000000000.0,5,1000000000.0,1000000000.0,1e+99,0,999,500,True,10/23/2017,No end date given,No supercedes item given,http://www.pge.com/tariffs/ERS.SHTML,No minimum monthly charge given,No annual minimum charge given,No voltage minimum given,No voltage maximum given,No phase wiring information given,No demand window given,No additional demand attributes given,No additional energy comments given,"['12/15/2017 03:55:27', '12/15/2017 04:03:02']"
27,5a3430585457a3e3595c48a2,https://openei.org/apps/USURDB/rate/view/5a3430585457a3e3595c48a2,14328,E-20 Maximum demand of (1000 KW or more) (Secondary),Pacific Gas & Electric Co,Commercial,An optional meter data access charge is applicable to this rate.Peak Day Pricing Rates are applicable to customers taking this rate. A maximum of fifteen (15) PDP events and a minimum of nine (9) PDP events may be called in any calendar year.,The fixed monthly charge include the customer charge mandatory ($32.85421*365/12). Optional Meter Data Access Charge ($0.98563*365/12),No voltage category given,12,1000000000.0,1000000000.0,4,1000000000.0,1000000000.0,5,1000000000.0,1000000000.0,1e+99,0,1e+99,1000,True,10/23/2017,No end date given,No supercedes item given,http://www.pge.com/tariffs/ERS.SHTML,No minimum monthly charge given,No annual minimum charge given,No voltage minimum given,No voltage maximum given,No phase wiring information given,No demand window given,No additional demand attributes given,No additional energy comments given,"['12/15/2017 06:28:08', '12/15/2017 06:29:42']"
